Название,Цена,Ссылка
Подвесной светильник Сансет Black,6290руб.,https://www.divan.ru/product/podvesnoj-svetilnik-sanset-black
Торшер Билли Black,14 690руб.,https://www.divan.ru/product/torsher-billi-black
Подвесной светильник Бабл-9,16 790руб.,https://www.divan.ru/product/podvesnoj-svetilnik-babl-9
Торшер Бабл-1,6290руб.,https://www.divan.ru/product/torsher-babl-1
Подвесной светильник Бабл-3,5240руб.,https://www.divan.ru/product/podvesnoj-svetilnik-babl-3
Бра Бабл Black,1670руб.,https://www.divan.ru/product/bra-babl-black
Настольная лампа Дэнди Black,3140руб.,https://www.divan.ru/product/nastolnaya-lampa-dendi-black
Настольная лампа Дэнди White,3140руб.,https://www.divan.ru/product/nastolnaya-lampa-dendi-white
Торшер Варио White,4200руб.,https://www.divan.ru/product/torsher-vario-white
Бра Варио Black,1040руб.,https://www.divan.ru/product/bra-vario-black
Бра Варио White,1040руб.,https://www.divan.ru/product/bra-vario-white
Подвесной светильник Сансет White,3140руб.,https://www.divan.ru/product/podvesnoj-svetilnik-sanset-white
Подвесной светильник Кэндел Black,2090руб.,https://www.divan.ru/product/podvesnoj-svetilnik-kendel-black
Подвесной светильник Кэндел White,3770руб.,https://www.divan.ru/product/podvesnoj-svetilnik-kendel-white
Торшер Вена Black,11 540руб.,https://www.divan.ru/product/torsher-vena-black
Настольная лампа Гровер Glass,5240руб.,https://www.divan.ru/product/nastolnaya-lampa-grover-glass
Настольная лампа Рэй Black,3460руб.,https://www.divan.ru/product/nastolnaya-lampa-rej-black
Торшер Рэй White,5870руб.,https://www.divan.ru/product/torsher-rej-white
Торшер Мун Black,7340руб.,https://www.divan.ru/product/torsher-mun-black
Торшер Варио Black,6290руб.,https://www.divan.ru/product/torsher-vario-black
Настольная лампа Раффи Round,6920руб.,https://www.divan.ru/product/nastolnaya-lampa-raffi-round
Торшер Гросс White,6290руб.,https://www.divan.ru/product/torsher-gross-white
Бра Moderli Alina,5140руб.,https://www.divan.ru/product/bra-moderli-alina
Подвесной светильник Маро Green,10 490руб.,https://www.divan.ru/product/podvesnoj-svetilnik-maro-green
Настольная лампа Машрум Grey,4820руб.,https://www.divan.ru/product/nastolnaya-lampa-mashrum-grey
Настольная лампа Рэй White,2720руб.,https://www.divan.ru/product/nastolnaya-lampa-rej-white
Светильник потолочный Matthew,5980руб.,https://www.divan.ru/product/svetilnik-potolochnyj-matthew
Настольная лампа Junior-4,3460руб.,https://www.divan.ru/product/nastolnaya-lampa-junior-4
Спот Лайт-1 Black,2510руб.,https://www.divan.ru/product/spot-lajt-1-black
Настольная лампа Сфера Black,4190руб.,https://www.divan.ru/product/nastolnaya-lampa-sfera-black
Люстра Монти-3 White,12 070руб.,https://www.divan.ru/product/lyustra-monti-3-white
Бра Galdakao-1,6920руб.,https://www.divan.ru/product/bra-galdakao
Подвесной светильник Tureis,4090руб.,https://www.divan.ru/product/podvesnoj-svetilnik-tureis
Подвесной светильник Даклин White,9130руб.,https://www.divan.ru/product/podvesnoj-svetilnik-daklin-white
Люстра Монти-5 White,18 050руб.,https://www.divan.ru/product/lyustra-monti-5-white
Подвесной светильник Лиму-3 Black,5870руб.,https://www.divan.ru/product/podvesnoj-svetilnik-limu-3-black
Торшер Билли White,14 690руб.,https://www.divan.ru/product/torsher-billi-white
Бра Cornus Silver,5870руб.,https://www.divan.ru/product/bra-cornus-silver
Спот Олден Brown,1150руб.,https://www.divan.ru/product/spot-olden-brown
Бра Куб White,2300руб.,https://www.divan.ru/product/bra-kub-white
Подвесной светильник Volare,4820руб.,https://www.divan.ru/product/podvesnoj-svetilnik-volare
Ландшафтный светильник Визор Black,4720руб.,https://www.divan.ru/product/landshaftnyj-svetilnik-vizor-black
Бра Bolla-Unica,5560руб.,https://www.divan.ru/product/bra-bolla-unica
Люстра Леон-5 Black,11 860руб.,https://www.divan.ru/product/lyustra-leon-5-black
Настольная лампа Мист Black,5870руб.,https://www.divan.ru/product/nastolnaya-lampa-mist-black
Настольная лампа Palla Grey,14 270руб.,https://www.divan.ru/product/nastolnaya-lampa-palla-grey
Люстра Липан-8 White,12 590руб.,https://www.divan.ru/product/lyustra-lipan-8-white
Подвесной светильник Фаро-3 White,6820руб.,https://www.divan.ru/product/podvesnoj-svetilnik-faro-3-white
